位,类型,描述,位,类型,描述,位,类型,描述,位,类型,描述,位,类型,描述,位,类型,描述,位,类型,描述,位,类型,描述,位,类型,描述,位,类型,描述,位,类型,描述,位,类型,描述,位,类型,描述,位,类型,描述,位,类型,描述,位,类型,描述,位,类型,描述,位,类型,描述,位,类型,描述,位,类型,描述
Level_01字段0,,,Level_01字段1,,,Level_01字段2,,,Level_01字段3,,,Level_02字段0,,,Level_02字段1,,,Level_02字段2,,,Level_02字段3,,,Level_03字段0,,,Level_03字段1,,,Level_03字段2,,,Level_03字段3,,,Level_04字段0,,,Level_04字段1,,,Level_04字段2,,,Level_04字段3,,,Level_05字段0,,,Level_05字段1,,,Level_05字段2,,,Level_05字段3,,
bit0,ErrorCode_App_L1[0],"""""",bit0,ErrorCode_App_L1[1],"""""",bit0,ErrorCode_App_L1[2],"""""",bit0,ErrorCode_App_L1[3],"""""",bit0,ErrorCode_App_L2[0],支架进检测区卡,bit0,ErrorCode_App_L2[1],"""""",bit0,ErrorCode_App_L2[2],"""""",bit0,ErrorCode_App_L2[3],"""""",bit0,ErrorCode_App_L3[0],设备需要复位,bit0,ErrorCode_App_L3[1],"""""",bit0,ErrorCode_App_L3[2],"""""",bit0,ErrorCode_App_L3[3],"""""",bit0,ErrorCode_App_L4[0],设备需要重启,bit0,ErrorCode_App_L4[1],"""""",bit0,ErrorCode_App_L4[2],"""""",bit0,ErrorCode_App_L4[3],"""""",bit0,ErrorCode_App_L5[0],读取Flash数据校验失败,bit0,ErrorCode_App_L5[1],"""""",bit0,ErrorCode_App_L5[2],"""""",bit0,ErrorCode_App_L5[3],""""""
bit1,ErrorCode_App_L1[0],"""""",bit1,ErrorCode_App_L1[1],"""""",bit1,ErrorCode_App_L1[2],"""""",bit1,ErrorCode_App_L1[3],"""""",bit1,ErrorCode_App_L2[0],支架回上料盒卡,bit1,ErrorCode_App_L2[1],"""""",bit1,ErrorCode_App_L2[2],"""""",bit1,ErrorCode_App_L2[3],"""""",bit1,ErrorCode_App_L3[0],"""""",bit1,ErrorCode_App_L3[1],"""""",bit1,ErrorCode_App_L3[2],"""""",bit1,ErrorCode_App_L3[3],"""""",bit1,ErrorCode_App_L4[0],"""""",bit1,ErrorCode_App_L4[1],"""""",bit1,ErrorCode_App_L4[2],"""""",bit1,ErrorCode_App_L4[3],"""""",bit1,ErrorCode_App_L5[0],读取Flash数据校验失败,bit1,ErrorCode_App_L5[1],"""""",bit1,ErrorCode_App_L5[2],"""""",bit1,ErrorCode_App_L5[3],""""""
bit2,ErrorCode_App_L1[0],"""""",bit2,ErrorCode_App_L1[1],"""""",bit2,ErrorCode_App_L1[2],"""""",bit2,ErrorCode_App_L1[3],"""""",bit2,ErrorCode_App_L2[0],支架进点胶区卡,bit2,ErrorCode_App_L2[1],"""""",bit2,ErrorCode_App_L2[2],"""""",bit2,ErrorCode_App_L2[3],"""""",bit2,ErrorCode_App_L3[0],"""""",bit2,ErrorCode_App_L3[1],"""""",bit2,ErrorCode_App_L3[2],"""""",bit2,ErrorCode_App_L3[3],"""""",bit2,ErrorCode_App_L4[0],"""""",bit2,ErrorCode_App_L4[1],"""""",bit2,ErrorCode_App_L4[2],"""""",bit2,ErrorCode_App_L4[3],"""""",bit2,ErrorCode_App_L5[0],"""""",bit2,ErrorCode_App_L5[1],"""""",bit2,ErrorCode_App_L5[2],"""""",bit2,ErrorCode_App_L5[3],""""""
bit3,ErrorCode_App_L1[0],"""""",bit3,ErrorCode_App_L1[1],"""""",bit3,ErrorCode_App_L1[2],"""""",bit3,ErrorCode_App_L1[3],"""""",bit3,ErrorCode_App_L2[0],支架进下料盒卡,bit3,ErrorCode_App_L2[1],"""""",bit3,ErrorCode_App_L2[2],"""""",bit3,ErrorCode_App_L2[3],"""""",bit3,ErrorCode_App_L3[0],"""""",bit3,ErrorCode_App_L3[1],"""""",bit3,ErrorCode_App_L3[2],"""""",bit3,ErrorCode_App_L3[3],"""""",bit3,ErrorCode_App_L4[0],"""""",bit3,ErrorCode_App_L4[1],"""""",bit3,ErrorCode_App_L4[2],"""""",bit3,ErrorCode_App_L4[3],"""""",bit3,ErrorCode_App_L5[0],"""""",bit3,ErrorCode_App_L5[1],"""""",bit3,ErrorCode_App_L5[2],"""""",bit3,ErrorCode_App_L5[3],""""""
bit4,ErrorCode_App_L1[0],"""""",bit4,ErrorCode_App_L1[1],"""""",bit4,ErrorCode_App_L1[2],"""""",bit4,ErrorCode_App_L1[3],"""""",bit4,ErrorCode_App_L2[0],上料盒卸料盒卡,bit4,ErrorCode_App_L2[1],"""""",bit4,ErrorCode_App_L2[2],"""""",bit4,ErrorCode_App_L2[3],"""""",bit4,ErrorCode_App_L3[0],"""""",bit4,ErrorCode_App_L3[1],"""""",bit4,ErrorCode_App_L3[2],"""""",bit4,ErrorCode_App_L3[3],"""""",bit4,ErrorCode_App_L4[0],"""""",bit4,ErrorCode_App_L4[1],"""""",bit4,ErrorCode_App_L4[2],"""""",bit4,ErrorCode_App_L4[3],"""""",bit4,ErrorCode_App_L5[0],"""""",bit4,ErrorCode_App_L5[1],"""""",bit4,ErrorCode_App_L5[2],"""""",bit4,ErrorCode_App_L5[3],""""""
bit5,ErrorCode_App_L1[0],"""""",bit5,ErrorCode_App_L1[1],"""""",bit5,ErrorCode_App_L1[2],"""""",bit5,ErrorCode_App_L1[3],"""""",bit5,ErrorCode_App_L2[0],推支架电机异常,bit5,ErrorCode_App_L2[1],"""""",bit5,ErrorCode_App_L2[2],"""""",bit5,ErrorCode_App_L2[3],"""""",bit5,ErrorCode_App_L3[0],"""""",bit5,ErrorCode_App_L3[1],"""""",bit5,ErrorCode_App_L3[2],"""""",bit5,ErrorCode_App_L3[3],"""""",bit5,ErrorCode_App_L4[0],"""""",bit5,ErrorCode_App_L4[1],"""""",bit5,ErrorCode_App_L4[2],"""""",bit5,ErrorCode_App_L4[3],"""""",bit5,ErrorCode_App_L5[0],"""""",bit5,ErrorCode_App_L5[1],"""""",bit5,ErrorCode_App_L5[2],"""""",bit5,ErrorCode_App_L5[3],""""""
bit6,ErrorCode_App_L1[0],"""""",bit6,ErrorCode_App_L1[1],"""""",bit6,ErrorCode_App_L1[2],"""""",bit6,ErrorCode_App_L1[3],"""""",bit6,ErrorCode_App_L2[0],下料盒卸料盒卡,bit6,ErrorCode_App_L2[1],"""""",bit6,ErrorCode_App_L2[2],"""""",bit6,ErrorCode_App_L2[3],"""""",bit6,ErrorCode_App_L3[0],"""""",bit6,ErrorCode_App_L3[1],"""""",bit6,ErrorCode_App_L3[2],"""""",bit6,ErrorCode_App_L3[3],"""""",bit6,ErrorCode_App_L4[0],"""""",bit6,ErrorCode_App_L4[1],"""""",bit6,ErrorCode_App_L4[2],"""""",bit6,ErrorCode_App_L4[3],"""""",bit6,ErrorCode_App_L5[0],"""""",bit6,ErrorCode_App_L5[1],"""""",bit6,ErrorCode_App_L5[2],"""""",bit6,ErrorCode_App_L5[3],""""""
bit7,ErrorCode_App_L1[0],"""""",bit7,ErrorCode_App_L1[1],"""""",bit7,ErrorCode_App_L1[2],"""""",bit7,ErrorCode_App_L1[3],"""""",bit7,ErrorCode_App_L2[0],"""""",bit7,ErrorCode_App_L2[1],"""""",bit7,ErrorCode_App_L2[2],"""""",bit7,ErrorCode_App_L2[3],"""""",bit7,ErrorCode_App_L3[0],"""""",bit7,ErrorCode_App_L3[1],"""""",bit7,ErrorCode_App_L3[2],"""""",bit7,ErrorCode_App_L3[3],"""""",bit7,ErrorCode_App_L4[0],"""""",bit7,ErrorCode_App_L4[1],"""""",bit7,ErrorCode_App_L4[2],"""""",bit7,ErrorCode_App_L4[3],"""""",bit7,ErrorCode_App_L5[0],"""""",bit7,ErrorCode_App_L5[1],"""""",bit7,ErrorCode_App_L5[2],"""""",bit7,ErrorCode_App_L5[3],""""""
bit8,ErrorCode_App_L1[0],"""""",bit8,ErrorCode_App_L1[1],"""""",bit8,ErrorCode_App_L1[2],"""""",bit8,ErrorCode_App_L1[3],"""""",bit8,ErrorCode_App_L2[0],"""""",bit8,ErrorCode_App_L2[1],"""""",bit8,ErrorCode_App_L2[2],"""""",bit8,ErrorCode_App_L2[3],"""""",bit8,ErrorCode_App_L3[0],"""""",bit8,ErrorCode_App_L3[1],"""""",bit8,ErrorCode_App_L3[2],"""""",bit8,ErrorCode_App_L3[3],"""""",bit8,ErrorCode_App_L4[0],"""""",bit8,ErrorCode_App_L4[1],"""""",bit8,ErrorCode_App_L4[2],"""""",bit8,ErrorCode_App_L4[3],"""""",bit8,ErrorCode_App_L5[0],"""""",bit8,ErrorCode_App_L5[1],"""""",bit8,ErrorCode_App_L5[2],"""""",bit8,ErrorCode_App_L5[3],""""""
bit9,ErrorCode_App_L1[0],"""""",bit9,ErrorCode_App_L1[1],"""""",bit9,ErrorCode_App_L1[2],"""""",bit9,ErrorCode_App_L1[3],"""""",bit9,ErrorCode_App_L2[0],"""""",bit9,ErrorCode_App_L2[1],"""""",bit9,ErrorCode_App_L2[2],"""""",bit9,ErrorCode_App_L2[3],"""""",bit9,ErrorCode_App_L3[0],"""""",bit9,ErrorCode_App_L3[1],"""""",bit9,ErrorCode_App_L3[2],"""""",bit9,ErrorCode_App_L3[3],"""""",bit9,ErrorCode_App_L4[0],"""""",bit9,ErrorCode_App_L4[1],"""""",bit9,ErrorCode_App_L4[2],"""""",bit9,ErrorCode_App_L4[3],"""""",bit9,ErrorCode_App_L5[0],"""""",bit9,ErrorCode_App_L5[1],"""""",bit9,ErrorCode_App_L5[2],"""""",bit9,ErrorCode_App_L5[3],""""""
bit10,ErrorCode_App_L1[0],"""""",bit10,ErrorCode_App_L1[1],"""""",bit10,ErrorCode_App_L1[2],"""""",bit10,ErrorCode_App_L1[3],"""""",bit10,ErrorCode_App_L2[0],"""""",bit10,ErrorCode_App_L2[1],"""""",bit10,ErrorCode_App_L2[2],"""""",bit10,ErrorCode_App_L2[3],"""""",bit10,ErrorCode_App_L3[0],"""""",bit10,ErrorCode_App_L3[1],"""""",bit10,ErrorCode_App_L3[2],"""""",bit10,ErrorCode_App_L3[3],"""""",bit10,ErrorCode_App_L4[0],"""""",bit10,ErrorCode_App_L4[1],"""""",bit10,ErrorCode_App_L4[2],"""""",bit10,ErrorCode_App_L4[3],"""""",bit10,ErrorCode_App_L5[0],"""""",bit10,ErrorCode_App_L5[1],"""""",bit10,ErrorCode_App_L5[2],"""""",bit10,ErrorCode_App_L5[3],""""""
bit11,ErrorCode_App_L1[0],"""""",bit11,ErrorCode_App_L1[1],"""""",bit11,ErrorCode_App_L1[2],"""""",bit11,ErrorCode_App_L1[3],"""""",bit11,ErrorCode_App_L2[0],"""""",bit11,ErrorCode_App_L2[1],"""""",bit11,ErrorCode_App_L2[2],"""""",bit11,ErrorCode_App_L2[3],"""""",bit11,ErrorCode_App_L3[0],"""""",bit11,ErrorCode_App_L3[1],"""""",bit11,ErrorCode_App_L3[2],"""""",bit11,ErrorCode_App_L3[3],"""""",bit11,ErrorCode_App_L4[0],"""""",bit11,ErrorCode_App_L4[1],"""""",bit11,ErrorCode_App_L4[2],"""""",bit11,ErrorCode_App_L4[3],"""""",bit11,ErrorCode_App_L5[0],"""""",bit11,ErrorCode_App_L5[1],"""""",bit11,ErrorCode_App_L5[2],"""""",bit11,ErrorCode_App_L5[3],""""""
bit12,ErrorCode_App_L1[0],"""""",bit12,ErrorCode_App_L1[1],"""""",bit12,ErrorCode_App_L1[2],"""""",bit12,ErrorCode_App_L1[3],"""""",bit12,ErrorCode_App_L2[0],"""""",bit12,ErrorCode_App_L2[1],"""""",bit12,ErrorCode_App_L2[2],"""""",bit12,ErrorCode_App_L2[3],"""""",bit12,ErrorCode_App_L3[0],"""""",bit12,ErrorCode_App_L3[1],"""""",bit12,ErrorCode_App_L3[2],"""""",bit12,ErrorCode_App_L3[3],"""""",bit12,ErrorCode_App_L4[0],"""""",bit12,ErrorCode_App_L4[1],"""""",bit12,ErrorCode_App_L4[2],"""""",bit12,ErrorCode_App_L4[3],"""""",bit12,ErrorCode_App_L5[0],"""""",bit12,ErrorCode_App_L5[1],"""""",bit12,ErrorCode_App_L5[2],"""""",bit12,ErrorCode_App_L5[3],""""""
bit13,ErrorCode_App_L1[0],"""""",bit13,ErrorCode_App_L1[1],"""""",bit13,ErrorCode_App_L1[2],"""""",bit13,ErrorCode_App_L1[3],"""""",bit13,ErrorCode_App_L2[0],"""""",bit13,ErrorCode_App_L2[1],"""""",bit13,ErrorCode_App_L2[2],"""""",bit13,ErrorCode_App_L2[3],"""""",bit13,ErrorCode_App_L3[0],"""""",bit13,ErrorCode_App_L3[1],"""""",bit13,ErrorCode_App_L3[2],"""""",bit13,ErrorCode_App_L3[3],"""""",bit13,ErrorCode_App_L4[0],"""""",bit13,ErrorCode_App_L4[1],"""""",bit13,ErrorCode_App_L4[2],"""""",bit13,ErrorCode_App_L4[3],"""""",bit13,ErrorCode_App_L5[0],"""""",bit13,ErrorCode_App_L5[1],"""""",bit13,ErrorCode_App_L5[2],"""""",bit13,ErrorCode_App_L5[3],""""""
bit14,ErrorCode_App_L1[0],"""""",bit14,ErrorCode_App_L1[1],"""""",bit14,ErrorCode_App_L1[2],"""""",bit14,ErrorCode_App_L1[3],"""""",bit14,ErrorCode_App_L2[0],"""""",bit14,ErrorCode_App_L2[1],"""""",bit14,ErrorCode_App_L2[2],"""""",bit14,ErrorCode_App_L2[3],"""""",bit14,ErrorCode_App_L3[0],"""""",bit14,ErrorCode_App_L3[1],"""""",bit14,ErrorCode_App_L3[2],"""""",bit14,ErrorCode_App_L3[3],"""""",bit14,ErrorCode_App_L4[0],"""""",bit14,ErrorCode_App_L4[1],"""""",bit14,ErrorCode_App_L4[2],"""""",bit14,ErrorCode_App_L4[3],"""""",bit14,ErrorCode_App_L5[0],"""""",bit14,ErrorCode_App_L5[1],"""""",bit14,ErrorCode_App_L5[2],"""""",bit14,ErrorCode_App_L5[3],""""""
bit15,ErrorCode_App_L1[0],"""""",bit15,ErrorCode_App_L1[1],"""""",bit15,ErrorCode_App_L1[2],"""""",bit15,ErrorCode_App_L1[3],"""""",bit15,ErrorCode_App_L2[0],"""""",bit15,ErrorCode_App_L2[1],"""""",bit15,ErrorCode_App_L2[2],"""""",bit15,ErrorCode_App_L2[3],"""""",bit15,ErrorCode_App_L3[0],"""""",bit15,ErrorCode_App_L3[1],"""""",bit15,ErrorCode_App_L3[2],"""""",bit15,ErrorCode_App_L3[3],"""""",bit15,ErrorCode_App_L4[0],"""""",bit15,ErrorCode_App_L4[1],"""""",bit15,ErrorCode_App_L4[2],"""""",bit15,ErrorCode_App_L4[3],"""""",bit15,ErrorCode_App_L5[0],"""""",bit15,ErrorCode_App_L5[1],"""""",bit15,ErrorCode_App_L5[2],"""""",bit15,ErrorCode_App_L5[3],""""""
bit16,ErrorCode_App_L1[0],"""""",bit16,ErrorCode_App_L1[1],"""""",bit16,ErrorCode_App_L1[2],"""""",bit16,ErrorCode_App_L1[3],"""""",bit16,ErrorCode_App_L2[0],"""""",bit16,ErrorCode_App_L2[1],"""""",bit16,ErrorCode_App_L2[2],"""""",bit16,ErrorCode_App_L2[3],"""""",bit16,ErrorCode_App_L3[0],"""""",bit16,ErrorCode_App_L3[1],"""""",bit16,ErrorCode_App_L3[2],"""""",bit16,ErrorCode_App_L3[3],"""""",bit16,ErrorCode_App_L4[0],"""""",bit16,ErrorCode_App_L4[1],"""""",bit16,ErrorCode_App_L4[2],"""""",bit16,ErrorCode_App_L4[3],"""""",bit16,ErrorCode_App_L5[0],"""""",bit16,ErrorCode_App_L5[1],"""""",bit16,ErrorCode_App_L5[2],"""""",bit16,ErrorCode_App_L5[3],""""""
bit17,ErrorCode_App_L1[0],"""""",bit17,ErrorCode_App_L1[1],"""""",bit17,ErrorCode_App_L1[2],"""""",bit17,ErrorCode_App_L1[3],"""""",bit17,ErrorCode_App_L2[0],"""""",bit17,ErrorCode_App_L2[1],"""""",bit17,ErrorCode_App_L2[2],"""""",bit17,ErrorCode_App_L2[3],"""""",bit17,ErrorCode_App_L3[0],"""""",bit17,ErrorCode_App_L3[1],"""""",bit17,ErrorCode_App_L3[2],"""""",bit17,ErrorCode_App_L3[3],"""""",bit17,ErrorCode_App_L4[0],"""""",bit17,ErrorCode_App_L4[1],"""""",bit17,ErrorCode_App_L4[2],"""""",bit17,ErrorCode_App_L4[3],"""""",bit17,ErrorCode_App_L5[0],"""""",bit17,ErrorCode_App_L5[1],"""""",bit17,ErrorCode_App_L5[2],"""""",bit17,ErrorCode_App_L5[3],""""""
bit18,ErrorCode_App_L1[0],"""""",bit18,ErrorCode_App_L1[1],"""""",bit18,ErrorCode_App_L1[2],"""""",bit18,ErrorCode_App_L1[3],"""""",bit18,ErrorCode_App_L2[0],"""""",bit18,ErrorCode_App_L2[1],"""""",bit18,ErrorCode_App_L2[2],"""""",bit18,ErrorCode_App_L2[3],"""""",bit18,ErrorCode_App_L3[0],"""""",bit18,ErrorCode_App_L3[1],"""""",bit18,ErrorCode_App_L3[2],"""""",bit18,ErrorCode_App_L3[3],"""""",bit18,ErrorCode_App_L4[0],"""""",bit18,ErrorCode_App_L4[1],"""""",bit18,ErrorCode_App_L4[2],"""""",bit18,ErrorCode_App_L4[3],"""""",bit18,ErrorCode_App_L5[0],"""""",bit18,ErrorCode_App_L5[1],"""""",bit18,ErrorCode_App_L5[2],"""""",bit18,ErrorCode_App_L5[3],""""""
bit19,ErrorCode_App_L1[0],"""""",bit19,ErrorCode_App_L1[1],"""""",bit19,ErrorCode_App_L1[2],"""""",bit19,ErrorCode_App_L1[3],"""""",bit19,ErrorCode_App_L2[0],"""""",bit19,ErrorCode_App_L2[1],"""""",bit19,ErrorCode_App_L2[2],"""""",bit19,ErrorCode_App_L2[3],"""""",bit19,ErrorCode_App_L3[0],"""""",bit19,ErrorCode_App_L3[1],"""""",bit19,ErrorCode_App_L3[2],"""""",bit19,ErrorCode_App_L3[3],"""""",bit19,ErrorCode_App_L4[0],"""""",bit19,ErrorCode_App_L4[1],"""""",bit19,ErrorCode_App_L4[2],"""""",bit19,ErrorCode_App_L4[3],"""""",bit19,ErrorCode_App_L5[0],"""""",bit19,ErrorCode_App_L5[1],"""""",bit19,ErrorCode_App_L5[2],"""""",bit19,ErrorCode_App_L5[3],""""""
bit20,ErrorCode_App_L1[0],"""""",bit20,ErrorCode_App_L1[1],"""""",bit20,ErrorCode_App_L1[2],"""""",bit20,ErrorCode_App_L1[3],"""""",bit20,ErrorCode_App_L2[0],"""""",bit20,ErrorCode_App_L2[1],"""""",bit20,ErrorCode_App_L2[2],"""""",bit20,ErrorCode_App_L2[3],"""""",bit20,ErrorCode_App_L3[0],"""""",bit20,ErrorCode_App_L3[1],"""""",bit20,ErrorCode_App_L3[2],"""""",bit20,ErrorCode_App_L3[3],"""""",bit20,ErrorCode_App_L4[0],"""""",bit20,ErrorCode_App_L4[1],"""""",bit20,ErrorCode_App_L4[2],"""""",bit20,ErrorCode_App_L4[3],"""""",bit20,ErrorCode_App_L5[0],"""""",bit20,ErrorCode_App_L5[1],"""""",bit20,ErrorCode_App_L5[2],"""""",bit20,ErrorCode_App_L5[3],""""""
bit21,ErrorCode_App_L1[0],"""""",bit21,ErrorCode_App_L1[1],"""""",bit21,ErrorCode_App_L1[2],"""""",bit21,ErrorCode_App_L1[3],"""""",bit21,ErrorCode_App_L2[0],"""""",bit21,ErrorCode_App_L2[1],"""""",bit21,ErrorCode_App_L2[2],"""""",bit21,ErrorCode_App_L2[3],"""""",bit21,ErrorCode_App_L3[0],"""""",bit21,ErrorCode_App_L3[1],"""""",bit21,ErrorCode_App_L3[2],"""""",bit21,ErrorCode_App_L3[3],"""""",bit21,ErrorCode_App_L4[0],"""""",bit21,ErrorCode_App_L4[1],"""""",bit21,ErrorCode_App_L4[2],"""""",bit21,ErrorCode_App_L4[3],"""""",bit21,ErrorCode_App_L5[0],"""""",bit21,ErrorCode_App_L5[1],"""""",bit21,ErrorCode_App_L5[2],"""""",bit21,ErrorCode_App_L5[3],""""""
bit22,ErrorCode_App_L1[0],"""""",bit22,ErrorCode_App_L1[1],"""""",bit22,ErrorCode_App_L1[2],"""""",bit22,ErrorCode_App_L1[3],"""""",bit22,ErrorCode_App_L2[0],"""""",bit22,ErrorCode_App_L2[1],"""""",bit22,ErrorCode_App_L2[2],"""""",bit22,ErrorCode_App_L2[3],"""""",bit22,ErrorCode_App_L3[0],"""""",bit22,ErrorCode_App_L3[1],"""""",bit22,ErrorCode_App_L3[2],"""""",bit22,ErrorCode_App_L3[3],"""""",bit22,ErrorCode_App_L4[0],"""""",bit22,ErrorCode_App_L4[1],"""""",bit22,ErrorCode_App_L4[2],"""""",bit22,ErrorCode_App_L4[3],"""""",bit22,ErrorCode_App_L5[0],"""""",bit22,ErrorCode_App_L5[1],"""""",bit22,ErrorCode_App_L5[2],"""""",bit22,ErrorCode_App_L5[3],""""""
bit23,ErrorCode_App_L1[0],"""""",bit23,ErrorCode_App_L1[1],"""""",bit23,ErrorCode_App_L1[2],"""""",bit23,ErrorCode_App_L1[3],"""""",bit23,ErrorCode_App_L2[0],"""""",bit23,ErrorCode_App_L2[1],"""""",bit23,ErrorCode_App_L2[2],"""""",bit23,ErrorCode_App_L2[3],"""""",bit23,ErrorCode_App_L3[0],"""""",bit23,ErrorCode_App_L3[1],"""""",bit23,ErrorCode_App_L3[2],"""""",bit23,ErrorCode_App_L3[3],"""""",bit23,ErrorCode_App_L4[0],"""""",bit23,ErrorCode_App_L4[1],"""""",bit23,ErrorCode_App_L4[2],"""""",bit23,ErrorCode_App_L4[3],"""""",bit23,ErrorCode_App_L5[0],"""""",bit23,ErrorCode_App_L5[1],"""""",bit23,ErrorCode_App_L5[2],"""""",bit23,ErrorCode_App_L5[3],""""""
bit24,ErrorCode_App_L1[0],"""""",bit24,ErrorCode_App_L1[1],"""""",bit24,ErrorCode_App_L1[2],"""""",bit24,ErrorCode_App_L1[3],"""""",bit24,ErrorCode_App_L2[0],"""""",bit24,ErrorCode_App_L2[1],"""""",bit24,ErrorCode_App_L2[2],"""""",bit24,ErrorCode_App_L2[3],"""""",bit24,ErrorCode_App_L3[0],"""""",bit24,ErrorCode_App_L3[1],"""""",bit24,ErrorCode_App_L3[2],"""""",bit24,ErrorCode_App_L3[3],"""""",bit24,ErrorCode_App_L4[0],"""""",bit24,ErrorCode_App_L4[1],"""""",bit24,ErrorCode_App_L4[2],"""""",bit24,ErrorCode_App_L4[3],"""""",bit24,ErrorCode_App_L5[0],"""""",bit24,ErrorCode_App_L5[1],"""""",bit24,ErrorCode_App_L5[2],"""""",bit24,ErrorCode_App_L5[3],""""""
bit25,ErrorCode_App_L1[0],"""""",bit25,ErrorCode_App_L1[1],"""""",bit25,ErrorCode_App_L1[2],"""""",bit25,ErrorCode_App_L1[3],"""""",bit25,ErrorCode_App_L2[0],"""""",bit25,ErrorCode_App_L2[1],"""""",bit25,ErrorCode_App_L2[2],"""""",bit25,ErrorCode_App_L2[3],"""""",bit25,ErrorCode_App_L3[0],"""""",bit25,ErrorCode_App_L3[1],"""""",bit25,ErrorCode_App_L3[2],"""""",bit25,ErrorCode_App_L3[3],"""""",bit25,ErrorCode_App_L4[0],"""""",bit25,ErrorCode_App_L4[1],"""""",bit25,ErrorCode_App_L4[2],"""""",bit25,ErrorCode_App_L4[3],"""""",bit25,ErrorCode_App_L5[0],"""""",bit25,ErrorCode_App_L5[1],"""""",bit25,ErrorCode_App_L5[2],"""""",bit25,ErrorCode_App_L5[3],""""""
bit26,ErrorCode_App_L1[0],"""""",bit26,ErrorCode_App_L1[1],"""""",bit26,ErrorCode_App_L1[2],"""""",bit26,ErrorCode_App_L1[3],"""""",bit26,ErrorCode_App_L2[0],"""""",bit26,ErrorCode_App_L2[1],"""""",bit26,ErrorCode_App_L2[2],"""""",bit26,ErrorCode_App_L2[3],"""""",bit26,ErrorCode_App_L3[0],"""""",bit26,ErrorCode_App_L3[1],"""""",bit26,ErrorCode_App_L3[2],"""""",bit26,ErrorCode_App_L3[3],"""""",bit26,ErrorCode_App_L4[0],"""""",bit26,ErrorCode_App_L4[1],"""""",bit26,ErrorCode_App_L4[2],"""""",bit26,ErrorCode_App_L4[3],"""""",bit26,ErrorCode_App_L5[0],"""""",bit26,ErrorCode_App_L5[1],"""""",bit26,ErrorCode_App_L5[2],"""""",bit26,ErrorCode_App_L5[3],""""""
bit27,ErrorCode_App_L1[0],"""""",bit27,ErrorCode_App_L1[1],"""""",bit27,ErrorCode_App_L1[2],"""""",bit27,ErrorCode_App_L1[3],"""""",bit27,ErrorCode_App_L2[0],"""""",bit27,ErrorCode_App_L2[1],"""""",bit27,ErrorCode_App_L2[2],"""""",bit27,ErrorCode_App_L2[3],"""""",bit27,ErrorCode_App_L3[0],"""""",bit27,ErrorCode_App_L3[1],"""""",bit27,ErrorCode_App_L3[2],"""""",bit27,ErrorCode_App_L3[3],"""""",bit27,ErrorCode_App_L4[0],"""""",bit27,ErrorCode_App_L4[1],"""""",bit27,ErrorCode_App_L4[2],"""""",bit27,ErrorCode_App_L4[3],"""""",bit27,ErrorCode_App_L5[0],"""""",bit27,ErrorCode_App_L5[1],"""""",bit27,ErrorCode_App_L5[2],"""""",bit27,ErrorCode_App_L5[3],""""""
bit28,ErrorCode_App_L1[0],"""""",bit28,ErrorCode_App_L1[1],"""""",bit28,ErrorCode_App_L1[2],"""""",bit28,ErrorCode_App_L1[3],"""""",bit28,ErrorCode_App_L2[0],"""""",bit28,ErrorCode_App_L2[1],"""""",bit28,ErrorCode_App_L2[2],"""""",bit28,ErrorCode_App_L2[3],"""""",bit28,ErrorCode_App_L3[0],"""""",bit28,ErrorCode_App_L3[1],"""""",bit28,ErrorCode_App_L3[2],"""""",bit28,ErrorCode_App_L3[3],"""""",bit28,ErrorCode_App_L4[0],"""""",bit28,ErrorCode_App_L4[1],"""""",bit28,ErrorCode_App_L4[2],"""""",bit28,ErrorCode_App_L4[3],"""""",bit28,ErrorCode_App_L5[0],"""""",bit28,ErrorCode_App_L5[1],"""""",bit28,ErrorCode_App_L5[2],"""""",bit28,ErrorCode_App_L5[3],""""""
bit29,ErrorCode_App_L1[0],"""""",bit29,ErrorCode_App_L1[1],"""""",bit29,ErrorCode_App_L1[2],"""""",bit29,ErrorCode_App_L1[3],"""""",bit29,ErrorCode_App_L2[0],"""""",bit29,ErrorCode_App_L2[1],"""""",bit29,ErrorCode_App_L2[2],"""""",bit29,ErrorCode_App_L2[3],"""""",bit29,ErrorCode_App_L3[0],"""""",bit29,ErrorCode_App_L3[1],"""""",bit29,ErrorCode_App_L3[2],"""""",bit29,ErrorCode_App_L3[3],"""""",bit29,ErrorCode_App_L4[0],"""""",bit29,ErrorCode_App_L4[1],"""""",bit29,ErrorCode_App_L4[2],"""""",bit29,ErrorCode_App_L4[3],"""""",bit29,ErrorCode_App_L5[0],"""""",bit29,ErrorCode_App_L5[1],"""""",bit29,ErrorCode_App_L5[2],"""""",bit29,ErrorCode_App_L5[3],""""""
bit30,ErrorCode_App_L1[0],"""""",bit30,ErrorCode_App_L1[1],"""""",bit30,ErrorCode_App_L1[2],"""""",bit30,ErrorCode_App_L1[3],"""""",bit30,ErrorCode_App_L2[0],"""""",bit30,ErrorCode_App_L2[1],"""""",bit30,ErrorCode_App_L2[2],"""""",bit30,ErrorCode_App_L2[3],"""""",bit30,ErrorCode_App_L3[0],"""""",bit30,ErrorCode_App_L3[1],"""""",bit30,ErrorCode_App_L3[2],"""""",bit30,ErrorCode_App_L3[3],"""""",bit30,ErrorCode_App_L4[0],"""""",bit30,ErrorCode_App_L4[1],"""""",bit30,ErrorCode_App_L4[2],"""""",bit30,ErrorCode_App_L4[3],"""""",bit30,ErrorCode_App_L5[0],"""""",bit30,ErrorCode_App_L5[1],"""""",bit30,ErrorCode_App_L5[2],"""""",bit30,ErrorCode_App_L5[3],""""""
bit31,ErrorCode_App_L1[0],"""""",bit31,ErrorCode_App_L1[1],"""""",bit31,ErrorCode_App_L1[2],"""""",bit31,ErrorCode_App_L1[3],"""""",bit31,ErrorCode_App_L2[0],"""""",bit31,ErrorCode_App_L2[1],"""""",bit31,ErrorCode_App_L2[2],"""""",bit31,ErrorCode_App_L2[3],"""""",bit31,ErrorCode_App_L3[0],"""""",bit31,ErrorCode_App_L3[1],"""""",bit31,ErrorCode_App_L3[2],"""""",bit31,ErrorCode_App_L3[3],"""""",bit31,ErrorCode_App_L4[0],"""""",bit31,ErrorCode_App_L4[1],"""""",bit31,ErrorCode_App_L4[2],"""""",bit31,ErrorCode_App_L4[3],"""""",bit31,ErrorCode_App_L5[0],"""""",bit31,ErrorCode_App_L5[1],"""""",bit31,ErrorCode_App_L5[2],"""""",bit31,ErrorCode_App_L5[3],""""""
390,,,392,,,394,,,396,,,398,,,400,,,402,,,404,,,406,,,408,,,410,,,412,,,414,,,416,,,418,,,420,,,422,,,424,,,426,,,428,,
,,,,,,,,,,,,,,,,,,,,,,,,,,,,,,,,,,,,,,,,,,,,,,,,,,,,,,,,,,,
一级报警：仅提供警告信息，设备继续运行,,,,,,,,,,,,,,,,,,,,,,,,,,,,,,,,,,,,,,,,,,,,,,,,,,,,,,,,,,,
二级报警：设备暂停，排除故障后恢复,,,,,,,,,,,,,,,,,,,,,,,,,,,,,,,,,,,,,,,,,,,,,,,,,,,,,,,,,,,
三级报警：设备停止，复位后恢复,,,,,,,,,,,,,,,,,,,,,,,,,,,,,,,,,,,,,,,,,,,,,,,,,,,,,,,,,,,
四级报警：设备停止，重新上电后恢复,,,,,,,,,,,,,,,,,,,,,,,,,,,,,,,,,,,,,,,,,,,,,,,,,,,,,,,,,,,
五级报警：设备停止，重新上电后恢复或不可恢复,,,,,,,,,,,,,,,,,,,,,,,,,,,,,,,,,,,,,,,,,,,,,,,,,,,,,,,,,,,
